Date,Price,Open,High,Low,Vol.,Change %
"Dec 31, 2009",2269.15,2292.92,2293.59,2269.11,358.63M,-0.97%
"Dec 30, 2009",2291.28,2284.56,2293.02,2280.16,369.16M,0.13%
"Dec 29, 2009",2288.4,2293.94,2294.75,2286.57,312.40M,-0.12%
"Dec 28, 2009",2291.08,2290.04,2295.8,2280.56,320.26M,0.24%
"Dec 24, 2009",2285.69,2273.95,2285.89,2273.4,169.83M,0.71%
"Dec 23, 2009",2269.64,2257.21,2271.33,2253.67,409.01M,0.75%
"Dec 22, 2009",2252.67,2242.61,2253.73,2241.33,469.96M,0.67%
"Dec 21, 2009",2237.66,2224.04,2242.22,2224.04,490.06M,1.17%
"Dec 18, 2009",2211.69,2197.57,2213.18,2190.69,1.27B,1.45%
"Dec 17, 2009",2180.05,2193.5,2198.51,2178.05,547.68M,-1.22%
"Dec 16, 2009",2206.91,2210.35,2220.46,2203.33,553.36M,0.27%
"Dec 15, 2009",2201.05,2203.54,2217.63,2197.76,555.72M,-0.50%
"Dec 14, 2009",2212.1,2202.31,2212.56,2193.2,508.13M,0.99%
"Dec 11, 2009",2190.31,2200.96,2202.4,2179.51,485.32M,-0.03%
"Dec 10, 2009",2190.86,2194.9,2202.84,2187.08,531.18M,0.33%
"Dec 09, 2009",2183.73,2170.02,2185.7,2155.96,550.10M,0.49%
"Dec 08, 2009",2172.99,2174.72,2187.19,2160.43,578.51M,-0.76%
"Dec 07, 2009",2189.61,2191.35,2201.42,2183.13,530.18M,-0.22%
"Dec 04, 2009",2194.35,2203.75,2214.39,2169.66,700.40M,0.98%
"Dec 03, 2009",2173.14,2190.42,2203.75,2172.04,572.73M,-0.54%
"Dec 02, 2009",2185.03,2178.51,2198.55,2177.82,591.12M,0.42%
"Dec 01, 2009",2175.81,2162.23,2182.24,2162.23,656.70M,1.46%
"Nov 30, 2009",2144.6,2135.93,2146.93,2120.7,694.00M,0.29%
"Nov 27, 2009",2138.44,2115.96,2155.41,2113.99,338.70M,-1.73%
"Nov 25, 2009",2176.05,2174,2178.62,2170.06,394.86M,0.32%
"Nov 24, 2009",2169.18,2174.69,2175.15,2155.22,550.65M,-0.31%
"Nov 23, 2009",2176.01,2168.95,2189.5,2168.77,556.34M,1.40%
"Nov 20, 2009",2146.04,2145.07,2150.08,2137.06,635.48M,-0.50%
"Nov 19, 2009",2156.82,2176.37,2176.51,2141.59,683.26M,-1.66%
"Nov 18, 2009",2193.14,2199.87,2200.15,2180.17,566.66M,-0.48%
"Nov 17, 2009",2203.78,2190.12,2203.78,2185.55,564.24M,0.27%
"Nov 16, 2009",2197.85,2177.31,2205.32,2177,634.43M,1.38%
"Nov 13, 2009",2167.88,2156.68,2172.05,2145.92,557.64M,0.88%
"Nov 12, 2009",2149.02,2166.98,2179.19,2145.83,673.04M,-0.83%
"Nov 11, 2009",2166.9,2166.53,2177.91,2155.25,575.83M,0.74%
"Nov 10, 2009",2151.08,2147.24,2160.64,2141.27,612.67M,-0.14%
"Nov 09, 2009",2154.06,2128.46,2154.06,2128.15,601.40M,1.97%
"Nov 06, 2009",2112.44,2089.49,2117.62,2088.24,559.09M,0.34%
"Nov 05, 2009",2105.32,2078.83,2105.32,2075.61,673.61M,2.42%
"Nov 04, 2009",2055.52,2067.56,2081.1,2053,683.02M,-0.09%
"Nov 03, 2009",2057.32,2034.09,2057.32,2031.25,685.67M,0.40%
"Nov 02, 2009",2049.2,2047.42,2069.49,2024.27,735.52M,0.20%
"Oct 30, 2009",2045.11,2091.56,2095.09,2040.21,873.90M,-2.50%
"Oct 29, 2009",2097.55,2077.04,2101.33,2071.3,722.13M,1.84%
"Oct 28, 2009",2059.61,2103.36,2111.84,2057.4,852.27M,-2.67%
"Oct 27, 2009",2116.09,2144.15,2148.88,2110.91,739.94M,-1.20%
"Oct 26, 2009",2141.85,2158.81,2183.61,2136.92,700.30M,-0.59%
"Oct 23, 2009",2154.47,2186.64,2190.48,2149.35,763.27M,-0.50%
"Oct 22, 2009",2165.29,2146.72,2169.17,2130.7,712.90M,0.68%
"Oct 21, 2009",2150.73,2160.78,2190.64,2148.41,780.67M,-0.59%
"Oct 20, 2009",2163.47,2180.43,2181.16,2151.77,641.91M,-0.59%
"Oct 19, 2009",2176.32,2162.41,2180.11,2150.42,573.19M,0.91%
"Oct 16, 2009",2156.8,2164.73,2164.73,2142.88,698.20M,-0.76%
"Oct 15, 2009",2173.29,2164.33,2173.29,2158.29,653.29M,0.05%
"Oct 14, 2009",2172.23,2165.83,2173.95,2157.48,699.93M,1.51%
"Oct 13, 2009",2139.89,2138.7,2146.35,2128.44,611.98M,0.04%
"Oct 12, 2009",2139.14,2145.63,2155.92,2128.39,504.40M,-0.01%
"Oct 09, 2009",2139.28,2120,2139.62,2118.04,564.07M,0.72%
"Oct 08, 2009",2123.93,2124.69,2139.65,2116.06,704.98M,0.64%
"Oct 07, 2009",2110.33,2099.06,2110.33,2095.94,611.10M,0.32%
"Oct 06, 2009",2103.57,2080.4,2111.13,2079.49,686.41M,1.71%
"Oct 05, 2009",2068.15,2056.52,2074.78,2049.04,637.28M,0.98%
"Oct 02, 2009",2048.11,2040.84,2064.15,2040.73,707.25M,-0.46%
"Oct 01, 2009",2057.48,2111.77,2112.9,2057.48,788.80M,-3.06%
"Sep 30, 2009",2122.42,2131.3,2137.87,2092.3,803.80M,-0.08%
"Sep 29, 2009",2124.04,2131.67,2141.4,2116.63,572.88M,-0.31%
"Sep 28, 2009",2130.74,2101.92,2140.04,2101.43,534.37M,1.90%
"Sep 25, 2009",2090.92,2095.84,2106.99,2085.35,642.68M,-0.79%
"Sep 24, 2009",2107.61,2140.06,2142.49,2097.1,711.31M,-1.12%
"Sep 23, 2009",2131.42,2152.43,2167.7,2130.34,739.70M,-0.69%
"Sep 22, 2009",2146.3,2150.02,2150.68,2137.39,709.34M,0.39%
"Sep 21, 2009",2138.04,2121.34,2142.41,2118.48,691.00M,0.24%
"Sep 18, 2009",2132.86,2134.85,2138.82,2120.7,1.10B,0.29%
"Sep 17, 2009",2126.75,2129.42,2140.6,2118.5,715.12M,-0.30%
"Sep 16, 2009",2133.15,2110.06,2133.15,2102.86,753.25M,1.45%
"Sep 15, 2009",2102.64,2090.33,2106.93,2086.16,657.65M,0.52%
"Sep 14, 2009",2091.78,2066.15,2091.78,2065.8,606.49M,0.52%
"Sep 11, 2009",2080.9,2083.34,2088.93,2070.02,626.70M,-0.15%
"Sep 10, 2009",2084.02,2059.48,2084.02,2055.49,694.97M,1.15%
"Sep 09, 2009",2060.39,2038.92,2066.34,2033.47,709.48M,1.11%
"Sep 08, 2009",2037.77,2034.74,2038.63,2023.03,581.22M,0.94%
"Sep 04, 2009",2018.78,1986.98,2018.92,1982.05,498.46M,1.79%
"Sep 03, 2009",1983.2,1975.85,1983.37,1958.04,545.86M,0.82%
"Sep 02, 2009",1967.07,1960.07,1976.35,1958.51,586.15M,-0.09%
"Sep 01, 2009",1968.89,2001.3,2034.78,1965.48,789.23M,-2.00%
"Aug 31, 2009",2009.06,2011.14,2013.65,1997.53,679.78M,-0.97%
"Aug 28, 2009",2028.77,2050.53,2059.48,2017.42,668.03M,0.05%
"Aug 27, 2009",2027.73,2021.31,2029.27,1993.03,595.34M,0.16%
"Aug 26, 2009",2024.43,2021.3,2034.31,2013.52,559.00M,0.01%
"Aug 25, 2009",2024.23,2025.59,2040.59,2019.17,558.24M,0.31%
"Aug 24, 2009",2017.98,2026.11,2036.03,2012,568.00M,-0.14%
"Aug 21, 2009",2020.9,2000.15,2021.86,1994.33,731.14M,1.59%
"Aug 20, 2009",1989.22,1967.57,1992.22,1965.69,555.79M,1.01%
"Aug 19, 2009",1969.24,1933.39,1972.32,1931.91,564.66M,0.68%
"Aug 18, 2009",1955.92,1940.55,1958.71,1935.33,510.60M,1.30%
"Aug 17, 2009",1930.84,1949.23,1949.23,1929.64,586.54M,-2.75%
"Aug 14, 2009",1985.52,2005.79,2006.73,1969.68,554.78M,-1.19%
"Aug 13, 2009",2009.35,2009.27,2013.43,1986.87,574.55M,0.53%
"Aug 12, 2009",1998.72,1970.95,2015.26,1970.25,630.70M,1.47%
"Aug 11, 2009",1969.73,1985.06,1986.85,1962.08,558.15M,-1.13%
"Aug 10, 2009",1992.24,1991.44,1999.55,1979.39,525.78M,-0.40%
"Aug 07, 2009",2000.25,1997,2012.33,1984.5,652.70M,1.37%
"Aug 06, 2009",1973.16,1999.21,2004.37,1967.68,693.81M,-1.00%
"Aug 05, 2009",1993.05,2014.45,2014.45,1980.68,677.03M,-0.91%
"Aug 04, 2009",2011.31,1996.38,2015.59,1993.74,625.38M,0.13%
"Aug 03, 2009",2008.61,1998.35,2008.61,1985.88,626.93M,1.52%
"Jul 31, 2009",1978.5,1980.72,1995.05,1977.65,704.43M,-0.29%
"Jul 30, 2009",1984.3,1986.21,2009.81,1980.08,736.07M,0.84%
"Jul 29, 2009",1967.76,1965.32,1970.65,1953.36,589.74M,-0.39%
"Jul 28, 2009",1975.51,1957.26,1978.43,1947.89,625.51M,0.39%
"Jul 27, 2009",1967.89,1964.62,1971.38,1946.95,624.50M,0.10%
"Jul 24, 2009",1965.96,1943.23,1966.26,1937.64,644.28M,-0.39%
"Jul 23, 2009",1973.6,1924.96,1979.34,1924.77,869.63M,2.45%
"Jul 22, 2009",1926.38,1908.83,1934.61,1907.25,676.12M,0.53%
"Jul 21, 2009",1916.2,1917.39,1917.46,1892.17,650.10M,0.36%
"Jul 20, 2009",1909.29,1896.99,1909.89,1890,618.05M,1.20%
"Jul 17, 2009",1886.61,1880.31,1887.34,1873.81,630.41M,0.08%
"Jul 16, 2009",1885.03,1856.05,1887.89,1854.7,657.84M,1.19%
"Jul 15, 2009",1862.9,1827.61,1863.29,1824.31,788.23M,3.51%
"Jul 14, 2009",1799.73,1790.7,1800.73,1782.85,583.38M,0.36%
"Jul 13, 2009",1793.21,1761.03,1793.21,1736.95,619.33M,2.12%
"Jul 10, 2009",1756.03,1744.61,1764.11,1738.26,518.84M,0.20%
"Jul 09, 2009",1752.55,1756.97,1763.63,1747.44,579.69M,0.31%
"Jul 08, 2009",1747.17,1756,1757.67,1727.05,760.93M,0.06%
"Jul 07, 2009",1746.17,1787.44,1788.97,1745.38,604.92M,-2.31%
"Jul 06, 2009",1787.4,1783.5,1793.42,1770.11,594.47M,-0.51%
"Jul 02, 2009",1796.52,1823.69,1823.91,1795.95,565.14M,-2.67%
"Jul 01, 2009",1845.72,1846.12,1861.62,1843.79,574.67M,0.58%
"Jun 30, 2009",1835.04,1845.47,1854.69,1824.95,640.40M,-0.49%
"Jun 29, 2009",1844.06,1842.09,1854.09,1825.03,599.12M,0.32%
"Jun 26, 2009",1838.22,1819.16,1840.98,1816.84,1.85B,0.47%
"Jun 25, 2009",1829.54,1783.19,1829.67,1779.18,646.35M,2.08%
"Jun 24, 2009",1792.34,1780.88,1807.08,1780.25,597.73M,1.55%
"Jun 23, 2009",1764.92,1771.42,1777.58,1753.78,627.38M,-0.07%
"Jun 22, 2009",1766.19,1809.53,1810.58,1765.85,687.36M,-3.35%
"Jun 19, 2009",1827.47,1824.99,1837.58,1817.07,1.13B,1.09%
"Jun 18, 2009",1807.72,1809.04,1816.6,1795.74,583.06M,-0.02%
"Jun 17, 2009",1808.06,1799.22,1824.2,1785.34,713.74M,0.66%
"Jun 16, 2009",1796.18,1825.2,1831.18,1795.55,637.43M,-1.11%
"Jun 15, 2009",1816.38,1837.94,1838.33,1803.07,639.24M,-2.28%
"Jun 12, 2009",1858.8,1852.43,1858.8,1833.39,556.53M,-0.19%
"Jun 11, 2009",1862.37,1854.75,1879.92,1854.75,677.68M,0.50%
"Jun 10, 2009",1853.08,1872.01,1872.7,1827.61,673.00M,-0.38%
"Jun 09, 2009",1860.13,1850.48,1869.52,1846.26,606.88M,0.96%
"Jun 08, 2009",1842.4,1836.87,1857.8,1818.59,576.18M,-0.38%
"Jun 05, 2009",1849.42,1864.02,1865.95,1834.63,662.10M,-0.03%
"Jun 04, 2009",1850.02,1829.84,1850.04,1825.62,743.62M,1.32%
"Jun 03, 2009",1825.92,1825.6,1828.09,1806.51,675.45M,-0.59%
"Jun 02, 2009",1836.8,1821.22,1846.65,1815.83,728.01M,0.44%
"Jun 01, 2009",1828.68,1796.09,1833.18,1792.8,947.40M,3.06%
"May 29, 2009",1774.33,1756.26,1774.33,1742.99,946.60M,1.29%
"May 28, 2009",1751.79,1744.23,1754.95,1714.48,683.58M,1.20%
"May 27, 2009",1731.08,1745.56,1768.22,1728.96,663.34M,-1.11%
"May 26, 2009",1750.43,1677.72,1751.47,1677.54,662.77M,3.45%
"May 22, 2009",1692.01,1702.06,1711.98,1682.24,484.25M,-0.19%
"May 21, 2009",1695.25,1709.83,1719.58,1677.77,700.34M,-1.89%
"May 20, 2009",1727.84,1743.6,1767.47,1722.32,682.13M,-0.39%
"May 19, 2009",1734.54,1727,1750.05,1719.92,623.00M,0.13%
"May 18, 2009",1732.36,1696.82,1732.36,1689.55,613.25M,3.11%
"May 15, 2009",1680.14,1687.49,1703.45,1676.56,662.76M,-0.54%
"May 14, 2009",1689.21,1672.48,1701.22,1667.94,668.01M,1.50%
"May 13, 2009",1664.19,1696.8,1697.76,1664.19,711.81M,-3.01%
"May 12, 2009",1715.92,1742.86,1743.52,1695.87,740.68M,-0.88%
"May 11, 2009",1731.24,1713.65,1747.97,1705.87,730.78M,-0.45%
"May 08, 2009",1739,1733.5,1747.41,1711.01,914.96M,1.33%
"May 07, 2009",1716.24,1772.1,1773.13,1702.54,944.72M,-2.44%
"May 06, 2009",1759.1,1768.69,1770.29,1730.97,830.06M,0.28%
"May 05, 2009",1754.12,1757.26,1759.42,1735.37,768.64M,-0.54%
"May 04, 2009",1763.56,1733.71,1763.56,1729.31,767.63M,2.58%
"May 01, 2009",1719.2,1719.29,1728.1,1703.52,657.13M,0.11%
"Apr 30, 2009",1717.3,1732.47,1753.61,1710.07,912.41M,0.31%
"Apr 29, 2009",1711.94,1688.66,1726.69,1687.29,745.07M,2.28%
"Apr 28, 2009",1673.81,1668.26,1690.06,1661.4,646.94M,-0.33%
"Apr 27, 2009",1679.41,1672.87,1700.53,1670.49,692.31M,-0.88%
"Apr 24, 2009",1694.29,1666.43,1702.87,1657.49,826.52M,2.55%
"Apr 23, 2009",1652.21,1651.47,1654.85,1625.88,794.59M,0.37%
"Apr 22, 2009",1646.12,1630.14,1679.82,1624.73,831.06M,0.14%
"Apr 21, 2009",1643.85,1599.03,1643.85,1598.93,776.00M,2.22%
"Apr 20, 2009",1608.21,1641.35,1643.32,1606.86,913.43M,-3.88%
"Apr 17, 2009",1673.07,1665.6,1682.24,1653.84,800.51M,0.16%
"Apr 16, 2009",1670.44,1645.52,1676.17,1628.08,737.57M,2.68%
"Apr 15, 2009",1626.8,1613.56,1627.72,1599.11,657.38M,0.07%
"Apr 14, 2009",1625.72,1637.5,1651.28,1618.04,728.18M,-1.67%
"Apr 13, 2009",1653.31,1641.61,1660.83,1630.54,580.02M,0.05%
"Apr 09, 2009",1652.54,1618.83,1652.54,1616.25,701.49M,3.89%
"Apr 08, 2009",1590.66,1576.93,1595.97,1567.22,577.97M,1.86%
"Apr 07, 2009",1561.61,1585.58,1588,1559.46,580.99M,-2.81%
"Apr 06, 2009",1606.71,1602.24,1607.6,1580.65,650.35M,-0.93%
"Apr 03, 2009",1621.87,1609.05,1621.87,1593.05,669.25M,1.20%
"Apr 02, 2009",1602.63,1579.97,1623.34,1576.82,875.36M,3.29%
"Apr 01, 2009",1551.6,1504.87,1553.03,1498.54,729.15M,1.51%
"Mar 31, 2009",1528.59,1518.7,1554.47,1518.01,712.61M,1.78%
"Mar 30, 2009",1501.8,1516.79,1517.06,1484.98,667.83M,-2.81%
"Mar 27, 2009",1545.2,1564.12,1569.21,1543.43,642.82M,-2.63%
"Mar 26, 2009",1587,1549.4,1587,1545.21,867.63M,3.80%
"Mar 25, 2009",1528.95,1527.59,1554.25,1487.94,787.64M,0.82%
"Mar 24, 2009",1516.52,1535.68,1546.21,1515.63,626.35M,-2.52%
"Mar 23, 2009",1555.77,1491.26,1555.77,1482.15,758.81M,6.76%
"Mar 20, 2009",1457.27,1488.15,1501.78,1448.78,1.03B,-1.77%
"Mar 19, 2009",1483.48,1509.06,1509.06,1475.49,758.05M,-0.52%
"Mar 18, 2009",1491.22,1454.44,1507.4,1448.67,897.80M,1.99%
"Mar 17, 2009",1462.11,1409.67,1462.11,1405.32,707.64M,4.14%
"Mar 16, 2009",1404.02,1445.27,1445.27,1402.48,700.55M,-1.92%
"Mar 13, 2009",1431.5,1427.03,1433.98,1408.26,712.79M,0.38%
"Mar 12, 2009",1426.1,1367.78,1427.55,1355.05,826.96M,3.97%
"Mar 11, 2009",1371.64,1364.8,1385.29,1352.6,742.71M,0.98%
"Mar 10, 2009",1358.28,1288.95,1358.28,1288.95,847.81M,7.07%
"Mar 09, 2009",1268.64,1284.84,1316.15,1265.52,700.22M,-1.95%
"Mar 06, 2009",1293.85,1310.59,1320.51,1268.54,876.18M,-0.44%
"Mar 05, 2009",1299.59,1332.38,1342.86,1298.33,823.34M,-4.00%
"Mar 04, 2009",1353.74,1340.38,1370.29,1333.88,835.26M,2.48%
"Mar 03, 2009",1321.01,1341.42,1346.88,1312.98,939.20M,-0.14%
"Mar 02, 2009",1322.85,1356.13,1372,1322.13,833.16M,-3.99%
"Feb 27, 2009",1377.84,1376.56,1401.97,1372.42,967.62M,-0.98%
"Feb 26, 2009",1391.47,1436.85,1444.83,1391.47,820.32M,-2.38%
"Feb 25, 2009",1425.43,1428.76,1453.66,1404.54,853.99M,-1.14%
"Feb 24, 2009",1441.83,1399.37,1445.07,1395.11,879.57M,3.90%
"Feb 23, 2009",1387.72,1452.58,1452.58,1386.68,735.18M,-3.71%
"Feb 20, 2009",1441.23,1427.03,1454.39,1416.96,960.29M,-0.11%
"Feb 19, 2009",1442.82,1478.55,1485.14,1442.53,724.51M,-1.71%
"Feb 18, 2009",1467.97,1480.65,1487.92,1454.46,745.32M,-0.18%
"Feb 17, 2009",1470.66,1489.12,1492.82,1467.79,903.97M,-4.15%
"Feb 13, 2009",1534.36,1539.72,1552.57,1530.05,704.95M,-0.48%
"Feb 12, 2009",1541.71,1510.17,1542.51,1495.34,886.95M,0.73%
"Feb 11, 2009",1530.5,1531.58,1542.84,1509.35,813.70M,0.38%
"Feb 10, 2009",1524.73,1578.02,1598.5,1520.56,910.35M,-4.20%
"Feb 09, 2009",1591.56,1590.74,1598.23,1576.1,662.39M,-0.01%
"Feb 06, 2009",1591.71,1547,1594.26,1545.85,847.82M,2.94%
"Feb 05, 2009",1546.24,1498.59,1554.37,1495.52,930.49M,2.06%
"Feb 04, 2009",1515.05,1517.19,1549.64,1508.87,818.41M,-0.08%
"Feb 03, 2009",1516.3,1499.59,1521.21,1479.42,778.32M,1.46%
"Feb 02, 2009",1494.43,1460.85,1502.72,1460.51,763.51M,1.22%
"Jan 30, 2009",1476.42,1519.46,1523.45,1472.51,811.95M,-2.08%
"Jan 29, 2009",1507.84,1537.47,1537.84,1505.7,734.12M,-3.24%
"Jan 28, 2009",1558.34,1530.48,1568.33,1530.03,793.64M,3.55%
"Jan 27, 2009",1504.9,1494.12,1513.21,1488.81,675.54M,1.04%
"Jan 26, 2009",1489.46,1479.98,1514.38,1470.81,704.64M,0.82%
"Jan 23, 2009",1477.29,1440.78,1495.27,1434.08,814.86M,0.81%
"Jan 22, 2009",1465.49,1470.85,1492.47,1444.08,906.30M,-2.76%
"Jan 21, 2009",1507.07,1466.4,1507.52,1444.9,821.53M,4.60%
"Jan 20, 2009",1440.86,1520.76,1521.85,1440.86,813.22M,-5.78%
"Jan 16, 2009",1529.33,1532.47,1538.82,1490.35,930.84M,1.16%
"Jan 15, 2009",1511.84,1489.46,1521.58,1456.72,917.95M,1.49%
"Jan 14, 2009",1489.64,1521.71,1528.65,1485.26,740.74M,-3.67%
"Jan 13, 2009",1546.46,1537.42,1557.95,1527.47,726.89M,0.50%
"Jan 12, 2009",1538.79,1573.45,1573.46,1528,645.32M,-2.09%
"Jan 09, 2009",1571.59,1617.05,1617.26,1569.87,724.59M,-2.81%
"Jan 08, 2009",1617.01,1590.25,1617.01,1584.28,702.64M,1.12%
"Jan 07, 2009",1599.06,1621.63,1625.37,1588.2,758.20M,-3.23%
"Jan 06, 2009",1652.38,1642.37,1665.63,1636.25,728.25M,1.50%
"Jan 05, 2009",1628.03,1621.48,1640.46,1604.63,632.99M,-0.26%
"Jan 02, 2009",1632.21,1578.87,1636.03,1571.98,502.72M,3.50%
"Dec 31, 2008",1577.03,1550.87,1586.81,1548.88,567.22M,1.70%
"Dec 30, 2008",1550.7,1521.18,1550.7,1517.26,476.55M,2.67%
"Dec 29, 2008",1510.32,1529.54,1530.92,1493.45,422.95M,-1.30%
"Dec 26, 2008",1530.24,1531.2,1532.13,1518.97,209.01M,0.35%
"Dec 24, 2008",1524.9,1525.15,1527.23,1516.15,180.73M,0.22%
"Dec 23, 2008",1521.54,1539.37,1548.44,1512.54,469.01M,-0.71%
"Dec 22, 2008",1532.35,1562.17,1563.79,1503.66,624.10M,-2.04%
"Dec 19, 2008",1564.32,1572.75,1593.35,1557.05,1.29B,0.77%
"Dec 18, 2008",1552.37,1583.17,1591.7,1535.38,784.48M,-1.71%
"Dec 17, 2008",1579.31,1568.88,1598.33,1560.05,800.98M,-0.67%
"Dec 16, 2008",1589.89,1526.06,1589.89,1526,821.43M,5.41%
"Dec 15, 2008",1508.34,1544.16,1544.16,1491.36,617.91M,-2.10%
"Dec 12, 2008",1540.72,1482.55,1543.04,1478.03,708.41M,2.18%
"Dec 11, 2008",1507.88,1548.47,1568.61,1501.7,741.13M,-3.68%
"Dec 10, 2008",1565.48,1563.66,1584.16,1542.08,703.11M,1.17%
"Dec 09, 2008",1547.34,1546.54,1602.92,1538.25,875.96M,-1.55%
"Dec 08, 2008",1571.74,1541.44,1583.81,1536.71,894.18M,4.14%
"Dec 05, 2008",1509.31,1426.93,1510.39,1404.8,877.80M,4.41%
"Dec 04, 2008",1445.56,1465.77,1500.95,1426.41,809.72M,-3.14%
"Dec 03, 2008",1492.38,1416.03,1493.06,1414.04,889.27M,2.94%
"Dec 02, 2008",1449.8,1423.85,1450.83,1399.88,824.03M,3.70%
"Dec 01, 2008",1398.07,1496.09,1496.24,1398.07,790.95M,-8.95%
"Nov 28, 2008",1535.57,1517.95,1535.57,1512.41,305.43M,0.23%
"Nov 26, 2008",1532.1,1441.21,1532.1,1441.21,723.98M,4.60%
"Nov 25, 2008",1464.73,1486.22,1486.22,1430.4,962.52M,-0.50%
"Nov 24, 2008",1472.02,1410.14,1480.41,1397.19,1.01B,6.33%
"Nov 21, 2008",1384.35,1346.77,1384.35,1295.48,1.26B,5.18%
"Nov 20, 2008",1316.12,1373.77,1414.43,1314.9,1.21B,-5.07%
"Nov 19, 2008",1386.42,1479.13,1493.05,1386.42,927.04M,-6.53%
"Nov 18, 2008",1483.27,1488.93,1498.42,1429.92,912.47M,0.08%
"Nov 17, 2008",1482.05,1494.74,1526.96,1481.7,716.91M,-2.29%
"Nov 14, 2008",1516.85,1560.59,1587.76,1513.09,842.89M,-5.00%
"Nov 13, 2008",1596.7,1503.06,1596.7,1428.54,1.18B,6.50%
"Nov 12, 2008",1499.21,1555.17,1562.78,1499.21,840.45M,-5.17%
"Nov 11, 2008",1580.9,1598.59,1612.42,1563.95,639.42M,-2.22%
"Nov 10, 2008",1616.74,1680.67,1680.67,1603.33,638.76M,-1.86%
"Nov 07, 2008",1647.4,1629.69,1654.25,1615.51,717.10M,2.41%
"Nov 06, 2008",1608.7,1659.57,1676.92,1603.87,930.69M,-4.34%
"Nov 05, 2008",1681.64,1757.01,1764.43,1679.19,819.29M,-5.53%
"Nov 04, 2008",1780.12,1761.09,1785.84,1739.81,648.21M,3.12%
"Nov 03, 2008",1726.33,1718.89,1738.53,1713.39,675.39M,0.31%
"Oct 31, 2008",1720.95,1684.71,1742.54,1673.32,975.33M,1.32%
"Oct 30, 2008",1698.52,1698.43,1712.56,1658.45,960.70M,2.49%
"Oct 29, 2008",1657.21,1643.98,1705.51,1622.01,1.06B,0.47%
"Oct 28, 2008",1649.47,1552.24,1649.47,1504.13,1.09B,9.53%
"Oct 27, 2008",1505.9,1528.12,1574.54,1503.81,840.50M,-2.97%
"Oct 24, 2008",1552.03,1493.79,1584.27,1493.79,1.04B,-3.23%
"Oct 23, 2008",1603.91,1621.11,1645.5,1533.55,1.19B,-0.73%
"Oct 22, 2008",1615.75,1671.23,1678.71,1587.22,1.01B,-4.77%
"Oct 21, 2008",1696.68,1741.84,1768.54,1695.12,804.20M,-4.14%
"Oct 20, 2008",1770.03,1735.13,1770.05,1698.01,758.99M,3.43%
"Oct 17, 2008",1711.29,1678.78,1782.58,1670.28,1.12B,-0.37%
"Oct 16, 2008",1717.71,1644.55,1717.72,1565.72,1.31B,5.49%
"Oct 15, 2008",1628.33,1754.62,1761.23,1628.33,1.01B,-8.47%
"Oct 14, 2008",1779.01,1894.87,1896.95,1752.89,1.16B,-3.54%
"Oct 13, 2008",1844.25,1734.6,1844.25,1715.74,1.73B,11.81%
"Oct 10, 2008",1649.51,1590.77,1690.77,1542.45,1.73B,0.27%
"Oct 09, 2008",1645.12,1766.25,1787.41,1634.88,1.17B,-5.47%
"Oct 08, 2008",1740.33,1710.96,1806.89,1706.86,1.44B,-0.83%
"Oct 07, 2008",1754.88,1867.97,1886.35,1754.88,1.11B,-5.80%
"Oct 06, 2008",1862.96,1898.63,1905.01,1777.02,1.34B,-4.34%
"Oct 03, 2008",1947.39,2005.92,2046.81,1947.19,931.53M,-1.48%
"Oct 02, 2008",1976.72,2052.51,2056.43,1975,797.62M,-4.48%
"Oct 01, 2008",2069.4,2075.1,2083.2,2046.06,711.91M,-1.07%
"Sep 30, 2008",2091.88,2033.69,2094.31,2015.93,875.74M,5.45%
"Sep 29, 2008",1983.73,2147.16,2152.69,1983.73,1.01B,-9.14%
"Sep 26, 2008",2183.34,2144.06,2187.53,2136.85,732.82M,-0.15%
"Sep 25, 2008",2186.57,2172.26,2210.74,2167.06,675.97M,1.43%
"Sep 24, 2008",2155.68,2167.55,2179.93,2147.36,662.75M,0.11%
"Sep 23, 2008",2153.33,2190.71,2209.62,2151.77,740.52M,-1.18%
"Sep 22, 2008",2178.98,2265.77,2266.45,2178.98,718.07M,-4.17%
"Sep 19, 2008",2273.9,2303.9,2318.43,2239.73,1.92B,3.40%
"Sep 18, 2008",2199.1,2137.42,2201.71,2070.22,1.49B,4.78%
"Sep 17, 2008",2098.85,2177.58,2183.25,2098.85,1.16B,-4.94%
"Sep 16, 2008",2207.9,2149.65,2214.29,2145.17,1.21B,1.28%
"Sep 15, 2008",2179.91,2202.28,2244.88,2179.91,970.01M,-3.60%
"Sep 12, 2008",2261.27,2239.25,2268.83,2228,749.82M,0.14%
"Sep 11, 2008",2258.22,2199.03,2259.25,2191.53,852.18M,1.32%
"Sep 10, 2008",2228.7,2232.21,2247.63,2209.59,838.81M,0.85%
"Sep 09, 2008",2209.81,2269.93,2285.54,2209.81,967.75M,-2.64%
"Sep 08, 2008",2269.76,2296.18,2303.89,2236.97,950.51M,0.62%
"Sep 05, 2008",2255.88,2241.62,2264.35,2216.99,818.13M,-0.14%
"Sep 04, 2008",2259.04,2315.18,2317.32,2259.04,872.44M,-3.20%
"Sep 03, 2008",2333.73,2346.81,2357.43,2320.91,809.73M,-0.66%
"Sep 02, 2008",2349.24,2402.11,2413.11,2338.37,723.16M,-0.77%
"Aug 29, 2008",2367.52,2388.67,2393.49,2360.91,595.46M,-1.83%
"Aug 28, 2008",2411.64,2390.11,2412.84,2388.55,575.25M,1.22%
"Aug 27, 2008",2382.46,2362.86,2395.02,2358.93,561.56M,0.87%
"Aug 26, 2008",2361.97,2364.31,2377.04,2345.79,543.66M,-0.15%
"Aug 25, 2008",2365.59,2399.73,2399.73,2362.2,536.76M,-2.03%
"Aug 22, 2008",2414.71,2390.34,2417.63,2390.34,512.93M,1.44%
"Aug 21, 2008",2380.38,2371.54,2387.72,2360.39,558.38M,-0.36%
"Aug 20, 2008",2389.08,2396.58,2408.68,2372.34,642.26M,0.20%
"Aug 19, 2008",2384.36,2404.95,2410.96,2376.67,649.10M,-1.35%
"Aug 18, 2008",2416.98,2456.96,2456.96,2404.41,604.66M,-1.45%
"Aug 15, 2008",2452.52,2463.1,2473.2,2441.05,718.69M,-0.05%
"Aug 14, 2008",2453.67,2414.41,2461.15,2414.41,670.22M,1.03%
"Aug 13, 2008",2428.62,2424.32,2443.44,2404.03,740.98M,-0.08%
"Aug 12, 2008",2430.61,2434.26,2447.16,2421.09,774.18M,-0.38%
"Aug 11, 2008",2439.95,2407.55,2461.65,2402.53,824.96M,1.07%
"Aug 08, 2008",2414.1,2356.84,2416.4,2352.04,815.61M,2.48%
"Aug 07, 2008",2355.73,2362.79,2386.44,2351.32,842.29M,-0.95%
"Aug 06, 2008",2378.37,2349.17,2385.77,2333.53,844.57M,1.21%
"Aug 05, 2008",2349.83,2308.14,2349.83,2303.63,869.09M,2.81%
"Aug 04, 2008",2285.56,2309.75,2309.75,2280.93,734.74M,-1.10%
"Aug 01, 2008",2310.96,2326.83,2328.95,2286.41,797.46M,-0.63%
"Jul 31, 2008",2325.55,2311.33,2353.39,2309.64,895.84M,-0.18%
"Jul 30, 2008",2329.72,2329.01,2342.88,2299.98,858.02M,0.44%
"Jul 29, 2008",2319.62,2274.61,2320.18,2274.37,877.39M,2.45%
"Jul 28, 2008",2264.22,2307.19,2317.75,2258.62,786.74M,-2.00%
"Jul 25, 2008",2310.53,2294.69,2312.6,2282.63,816.59M,1.33%
"Jul 24, 2008",2280.11,2329.21,2329.21,2278.91,1.01B,-1.97%
"Jul 23, 2008",2325.88,2305.11,2350.09,2300.2,1.07B,0.95%
"Jul 22, 2008",2303.96,2256.32,2303.96,2252.84,1.00B,1.07%
"Jul 21, 2008",2279.53,2290.75,2300.32,2270.28,733.44M,-0.14%
"Jul 18, 2008",2282.78,2286.92,2293.18,2269.55,973.10M,-1.28%
"Jul 17, 2008",2312.3,2296.57,2320.77,2274.27,1.07B,1.20%
"Jul 16, 2008",2284.85,2219.27,2284.85,2205.71,987.96M,3.12%
"Jul 15, 2008",2215.71,2197.18,2249.12,2167.29,1.13B,0.13%
"Jul 14, 2008",2212.87,2262.86,2266.44,2207,829.00M,-1.17%
"Jul 11, 2008",2239.08,2233.38,2265.86,2203.25,984.73M,-0.83%
"Jul 10, 2008",2257.85,2239.95,2267.67,2223.04,890.60M,1.03%
"Jul 09, 2008",2234.89,2290.63,2296.03,2234.59,911.33M,-2.60%
"Jul 08, 2008",2294.44,2244.9,2294.44,2233.99,1.00B,2.28%
"Jul 07, 2008",2243.32,2263.69,2276.54,2214.16,972.05M,-0.09%
"Jul 03, 2008",2245.38,2261.74,2262.96,2227.8,564.89M,-0.27%
"Jul 02, 2008",2251.46,2311.57,2317.2,2251.3,992.96M,-2.32%
"Jul 01, 2008",2304.97,2274.24,2306.91,2255.79,1.05B,0.52%
"Jun 30, 2008",2292.98,2312.42,2325.49,2292.98,852.71M,-0.98%
"Jun 27, 2008",2315.63,2319.62,2329.94,2290.59,1.85B,-0.25%
"Jun 26, 2008",2321.37,2365.86,2366.16,2321.37,938.45M,-3.33%
"Jun 25, 2008",2401.26,2376.82,2421.25,2376.29,855.91M,1.39%
"Jun 24, 2008",2368.28,2375.8,2394.86,2352.1,889.92M,-0.73%
"Jun 23, 2008",2385.74,2416.55,2419.69,2384.56,749.81M,-0.85%
"Jun 20, 2008",2406.09,2441.96,2441.96,2394.26,1.23B,-2.27%
"Jun 19, 2008",2462.06,2427.17,2469.15,2412.37,884.88M,1.33%
"Jun 18, 2008",2429.71,2444.96,2449.18,2422.96,808.45M,-1.14%
"Jun 17, 2008",2457.73,2481.2,2483.19,2456.78,718.49M,-0.69%
"Jun 16, 2008",2474.78,2443.13,2479.95,2441.24,776.44M,0.83%
"Jun 13, 2008",2454.5,2423.05,2454.5,2417.01,877.88M,2.09%
"Jun 12, 2008",2404.35,2414.46,2432.88,2388.49,950.30M,0.43%
"Jun 11, 2008",2394.01,2444.94,2446.28,2394.01,857.08M,-2.24%
"Jun 10, 2008",2448.94,2436.75,2466.28,2432.47,832.90M,-0.43%
"Jun 09, 2008",2459.46,2483.22,2485,2429.3,847.41M,-0.61%
"Jun 06, 2008",2474.56,2528.52,2529.97,2474.56,898.88M,-2.96%
"Jun 05, 2008",2549.94,2509.49,2549.94,2504.57,871.86M,1.87%
"Jun 04, 2008",2503.14,2473.03,2518.71,2471.52,892.53M,0.91%
"Jun 03, 2008",2480.48,2500.5,2513.89,2460.56,894.20M,-0.44%
"Jun 02, 2008",2491.53,2514.82,2516.37,2471.41,793.62M,-1.23%
"May 30, 2008",2522.66,2519.14,2530.16,2510.65,932.11M,0.57%
"May 29, 2008",2508.32,2486.09,2522.14,2485.92,793.46M,0.87%
"May 28, 2008",2486.7,2491.5,2493.38,2465.59,761.50M,0.22%
"May 27, 2008",2481.24,2450.52,2482.08,2448.58,725.85M,1.50%
"May 23, 2008",2444.67,2454.14,2456,2430.36,694.16M,-0.81%
"May 22, 2008",2464.58,2454.74,2474.53,2448.84,764.40M,0.67%
"May 21, 2008",2448.27,2497.39,2508.9,2444.99,862.93M,-1.77%
"May 20, 2008",2492.26,2505.86,2506.19,2479.37,810.34M,-0.95%
"May 19, 2008",2516.09,2530.82,2551.47,2505.6,909.74M,-0.50%
"May 16, 2008",2528.85,2537.41,2537.41,2504.18,959.77M,-0.19%
"May 15, 2008",2533.73,2496.44,2535.19,2492.95,868.46M,1.48%
"May 14, 2008",2496.7,2503.28,2528.4,2493.58,806.18M,0.06%
"May 13, 2008",2495.12,2491.02,2498.07,2472.58,788.20M,0.27%
"May 12, 2008",2488.49,2454.65,2490.22,2446.36,704.97M,1.76%
"May 09, 2008",2445.52,2432.55,2455.33,2429.03,652.48M,-0.23%
"May 08, 2008",2451.24,2450.01,2462.51,2436.61,845.25M,0.52%
"May 07, 2008",2438.49,2483.03,2496.65,2435.76,911.61M,-1.80%
"May 06, 2008",2483.31,2455.11,2488.83,2445.37,901.34M,0.78%
"May 05, 2008",2464.12,2475.31,2486.05,2458.12,923.26M,-0.52%
"May 02, 2008",2476.99,2499.14,2499.14,2461.46,910.99M,-0.15%
"May 01, 2008",2480.71,2416.49,2480.71,2416.49,948.23M,2.81%
"Apr 30, 2008",2412.8,2434.2,2451.19,2406.37,933.51M,-0.55%
"Apr 29, 2008",2426.1,2420,2435.38,2412.1,728.32M,0.07%
"Apr 28, 2008",2424.4,2422.63,2437,2416.9,724.64M,0.06%
"Apr 25, 2008",2422.93,2424.68,2427.09,2391.15,834.67M,-0.25%
"Apr 24, 2008",2428.92,2408.25,2447.28,2383.76,952.58M,0.99%
"Apr 23, 2008",2405.21,2391.64,2412.53,2382.77,874.04M,1.19%
"Apr 22, 2008",2376.94,2397.12,2397.17,2361.67,796.78M,-1.29%
"Apr 21, 2008",2408.04,2393.07,2410.97,2389.82,666.47M,0.21%
"Apr 18, 2008",2402.97,2394.52,2412.78,2383.24,948.93M,2.61%
"Apr 17, 2008",2341.83,2347.32,2348.31,2327.66,731.84M,-0.35%
"Apr 16, 2008",2350.11,2313.42,2352.21,2313.42,882.09M,2.80%
"Apr 15, 2008",2286.04,2287.43,2291.12,2266.29,753.08M,0.45%
"Apr 14, 2008",2275.82,2287.02,2296.73,2274.91,653.21M,-0.63%
"Apr 11, 2008",2290.24,2327.7,2328.45,2286.19,780.02M,-2.61%
"Apr 10, 2008",2351.7,2326.78,2363.91,2324.39,892.35M,1.27%
"Apr 09, 2008",2322.12,2351.94,2353.54,2311.45,773.99M,-1.13%
"Apr 08, 2008",2348.76,2353.58,2359.4,2337.84,673.60M,-0.68%
"Apr 07, 2008",2364.83,2386.62,2390.04,2359.54,702.53M,-0.26%
"Apr 04, 2008",2370.98,2366.91,2391.93,2351.76,769.48M,0.32%
"Apr 03, 2008",2363.3,2347.91,2373.99,2339.38,781.17M,0.08%
"Apr 02, 2008",2361.4,2363.42,2381.21,2347.78,847.59M,-0.06%
"Apr 01, 2008",2362.75,2306.51,2362.75,2305.4,912.58M,3.67%
"Mar 31, 2008",2279.1,2265.15,2289.7,2260.59,783.53M,0.79%
"Mar 28, 2008",2261.18,2291.32,2304.71,2256.87,788.98M,-0.86%
"Mar 27, 2008",2280.83,2315.04,2315.91,2280.47,887.72M,-1.87%
"Mar 26, 2008",2324.36,2328.62,2331.18,2306.49,797.20M,-0.71%
"Mar 25, 2008",2341.05,2329.16,2346.78,2312.06,874.17M,0.61%
"Mar 24, 2008",2326.75,2268.2,2336.7,2268.2,950.86M,3.04%
"Mar 20, 2008",2258.11,2220.5,2258.11,2208.12,1.48B,2.18%
"Mar 19, 2008",2209.96,2272.12,2280.9,2209.96,964.16M,-2.57%
"Mar 18, 2008",2268.26,2215.61,2268.26,2206.81,1.06B,4.19%
"Mar 17, 2008",2177.01,2166.94,2200.53,2155.42,1.07B,-1.60%
"Mar 14, 2008",2212.49,2271.21,2277.11,2191.75,1.14B,-2.26%
"Mar 13, 2008",2263.61,2219.28,2272.55,2199.38,1.01B,0.88%
"Mar 12, 2008",2243.87,2259.97,2282.61,2241.38,878.26M,-0.53%
"Mar 11, 2008",2255.76,2209.65,2255.76,2192.5,1.02B,3.98%
"Mar 10, 2008",2169.34,2211.14,2216.89,2168.67,891.90M,-1.95%
"Mar 07, 2008",2212.49,2204.48,2242.5,2186.93,986.73M,-0.36%
"Mar 06, 2008",2220.5,2265.67,2272.2,2219.33,910.66M,-2.30%
"Mar 05, 2008",2272.81,2266.49,2290.01,2254.2,957.20M,0.55%
"Mar 04, 2008",2260.28,2244.21,2266.37,2221.09,1.14B,0.07%
"Mar 03, 2008",2258.6,2271.26,2275.75,2240.3,937.64M,-0.57%
"Feb 29, 2008",2271.48,2309.06,2311.23,2264.97,1.10B,-2.58%
"Feb 28, 2008",2331.57,2342.56,2352.88,2324.47,869.37M,-0.94%
"Feb 27, 2008",2353.78,2329.16,2363.52,2326.34,945.28M,0.37%
"Feb 26, 2008",2344.99,2314.42,2361.1,2311.32,1.00B,0.75%
"Feb 25, 2008",2327.48,2303.41,2333.71,2294.38,945.73M,1.05%
"Feb 22, 2008",2303.35,2306.61,2308.76,2265.36,962.09M,0.16%
"Feb 21, 2008",2299.78,2344.08,2353.79,2294.77,966.53M,-1.17%
"Feb 20, 2008",2327.1,2292.82,2331.7,2291.24,976.64M,0.91%
"Feb 19, 2008",2306.2,2348.98,2352.79,2300.1,831.05M,-0.67%
"Feb 15, 2008",2321.8,2320.58,2329.17,2305.81,889.97M,-0.46%
"Feb 14, 2008",2332.54,2376.22,2376.22,2328.59,940.50M,-1.74%
"Feb 13, 2008",2373.93,2347.22,2373.93,2338.91,956.17M,2.32%
"Feb 12, 2008",2320.04,2333.31,2349.55,2305.83,934.58M,-0.00%
"Feb 11, 2008",2320.06,2310.75,2326.23,2294.42,934.98M,0.66%
"Feb 08, 2008",2304.85,2290.5,2318.67,2280.27,965.35M,0.52%
"Feb 07, 2008",2293.03,2259.62,2318.52,2252.65,1.26B,0.63%
"Feb 06, 2008",2278.75,2327.18,2338.27,2277.27,1.07B,-1.33%
"Feb 05, 2008",2309.57,2344.81,2359.43,2309.57,1.08B,-3.08%
"Feb 04, 2008",2382.85,2413.42,2413.42,2382.09,919.78M,-1.26%
"Feb 01, 2008",2413.36,2392.58,2419.23,2374.5,1.34B,0.98%
"Jan 31, 2008",2389.86,2317.11,2403.46,2313.52,1.28B,1.74%
"Jan 30, 2008",2349,2346.36,2396,2343.88,1.12B,-0.38%
"Jan 29, 2008",2358.06,2360.43,2362.11,2332,972.92M,0.35%
"Jan 28, 2008",2349.91,2324.85,2349.91,2306.64,911.86M,1.02%
"Jan 25, 2008",2326.2,2402.8,2408.22,2322.56,1.18B,-1.47%
"Jan 24, 2008",2360.92,2328.86,2361.89,2326.37,1.32B,1.92%
"Jan 23, 2008",2316.41,2226.77,2320.13,2202.54,1.62B,1.05%
"Jan 22, 2008",2292.27,2221.2,2318.6,2221.2,1.53B,-2.04%
"Jan 18, 2008",2340.02,2365.56,2384.21,2323.29,1.40B,-0.29%
"Jan 17, 2008",2346.9,2405.74,2416.51,2343.65,1.26B,-1.99%
"Jan 16, 2008",2394.59,2390.56,2429.58,2361.22,1.52B,-0.95%
"Jan 15, 2008",2417.59,2449.04,2455.29,2412.47,1.08B,-2.45%
"Jan 14, 2008",2478.3,2470.87,2483.13,2455.34,925.05M,1.57%
"Jan 11, 2008",2439.94,2471.86,2473.95,2428.85,1.05B,-1.95%
"Jan 10, 2008",2488.52,2452.12,2503.55,2446.8,1.22B,0.56%
"Jan 09, 2008",2474.55,2443.85,2474.55,2407.39,1.25B,1.39%
"Jan 08, 2008",2440.51,2506.97,2527.42,2440.51,1.12B,-2.36%
"Jan 07, 2008",2499.46,2514.15,2521.62,2471.23,1.14B,-0.21%
"Jan 04, 2008",2504.65,2571.08,2571.08,2502.68,1.08B,-3.77%
"Jan 03, 2008",2602.68,2611.96,2624.27,2592.18,875.78M,-0.27%
"Jan 02, 2008",2609.63,2653.91,2661.5,2597.81,931.36M,-1.61%
